{
  "processors": [
    {
      "processor_type": "minecraft:rule",
      "rules": [
        {
          "input_predicate": {
            "block": "minecraft:dirt_path",
            "predicate_type": "minecraft:block_match"
          },
          "location_predicate": {
            "block": "minecraft:water",
            "predicate_type": "minecraft:block_match"
          },
          "output_state": {
            "Name": "minecraft:cherry_planks"
          }
        },
        {
          "input_predicate": {
            "block": "minecraft:dirt_path",
            "predicate_type": "minecraft:random_block_match",
            "probability": 0.1
          },
          "location_predicate": {
            "predicate_type": "minecraft:always_true"
          },
          "output_state": {
            "Name": "minecraft:grass_block",
            "Properties": {
              "snowy": "false"
            }
          }
        },
        {
          "input_predicate": {
            "block": "minecraft:grass_block",
            "predicate_type": "minecraft:block_match"
          },
          "location_predicate": {
            "block": "minecraft:water",
            "predicate_type": "minecraft:block_match"
          },
          "output_state": {
            "Name": "minecraft:water",
            "Properties": {
              "level": "0"
            }
          }
        },
        {
          "input_predicate": {
            "block": "minecraft:rooted_dirt",
            "predicate_type": "minecraft:block_match"
          },
          "location_predicate": {
            "block": "minecraft:water",
            "predicate_type": "minecraft:block_match"
          },
          "output_state": {
            "Name": "minecraft:water",
            "Properties": {
              "level": "0"
            }
          }
        },
        {
          "input_predicate": {
            "block": "minecraft:dirt",
            "predicate_type": "minecraft:block_match"
          },
          "location_predicate": {
            "block": "minecraft:water",
            "predicate_type": "minecraft:block_match"
          },
          "output_state": {
            "Name": "minecraft:water",
            "Properties": {
              "level": "0"
            }
          }
        }
      ]
    }
  ]
}