{
  "processors": [
    {
      "processor_type": "minecraft:rule",
      "rules": [
        {
          "location_predicate": {
            "predicate_type": "minecraft:always_true"
          },
          "input_predicate": {
            "predicate_type": "minecraft:random_blockstate_match",
            "block_state": {
              "Name": "minecraft:spruce_trapdoor",
              "Properties": {
                "waterlogged": "false"
              }
            },
            "probability": 0
          },
          "output_state": {
            "Name": "minecraft:spruce_trapdoor",
            "Properties": {
              "waterlogged": "false"
            }
          }
        }
      ]
    }
  ]
}
