{
    "elements": [
      {
        "element": {
          "element_type": "minecraft:legacy_single_pool_element",
          "location": "snowy_taiga/mrmedon/animals/cows_1",
          "processors": {"processors": []},
          "projection": "rigid"
        },
        "weight": 100
      },
      {
        "element": {
          "element_type": "minecraft:legacy_single_pool_element",
          "location": "snowy_taiga/mrmedon/animals/goat",
          "processors": {"processors": []},
          "projection": "rigid"
        },
        "weight": 100
      },
      {
        "element": {
          "element_type": "minecraft:legacy_single_pool_element",
          "location": "snowy_taiga/mrmedon/animals/goat_baby",
          "processors": {"processors": []},
          "projection": "rigid"
        },
        "weight": 100
      },
      {
        "element": {
          "element_type": "minecraft:legacy_single_pool_element",
          "location": "snowy_taiga/mrmedon/animals/goats",
          "processors": {"processors": []},
          "projection": "rigid"
        },
        "weight": 100
      },
      {
        "element": {
          "element_type": "minecraft:legacy_single_pool_element",
          "location": "snowy_taiga/mrmedon/animals/pig_1",
          "processors": {"processors": []},
          "projection": "rigid"
        },
        "weight": 100
      },
      {
        "element": {
          "element_type": "minecraft:legacy_single_pool_element",
          "location": "snowy_taiga/mrmedon/animals/pigs_1",
          "processors": {"processors": []},
          "projection": "rigid"
        },
        "weight": 100
      },
      {
        "element": {
          "element_type": "minecraft:legacy_single_pool_element",
          "location": "snowy_taiga/mrmedon/animals/sheep_1",
          "processors": {"processors": []},
          "projection": "rigid"
        },
        "weight": 100
      },
      {
        "element": {
          "element_type": "minecraft:legacy_single_pool_element",
          "location": "snowy_taiga/mrmedon/animals/sheeps_1",
          "processors": {"processors": []},
          "projection": "rigid"
        },
        "weight": 100
      },
      {
        "element": {
          "element_type": "minecraft:legacy_single_pool_element",
          "location": "snowy_taiga/mrmedon/animals/sheeps_2",
          "processors": {"processors": []},
          "projection": "rigid"
        },
        "weight": 100
      },
      {
        "element": {
          "element_type": "minecraft:legacy_single_pool_element",
          "location": "snowy_taiga/mrmedon/animals/sheep_2",
          "processors": {"processors": []},
          "projection": "rigid"
        },
        "weight": 100
      },
      {
        "element": {
          "element_type": "minecraft:legacy_single_pool_element",
          "location": "snowy_taiga/mrmedon/animals/s_sheep_1",
          "processors": {"processors": []},
          "projection": "rigid"
        },
        "weight": 100
      },
      {
        "element": {
          "element_type": "minecraft:legacy_single_pool_element",
          "location": "snowy_taiga/mrmedon/animals/s_sheeps_1",
          "processors": {"processors": []},
          "projection": "rigid"
        },
        "weight": 100
      },
      {
        "element": {
          "element_type": "minecraft:legacy_single_pool_element",
          "location": "snowy_taiga/mrmedon/animals/s_sheeps_2",
          "processors": {"processors": []},
          "projection": "rigid"
        },
        "weight": 100
      },
      {
        "element": {
          "element_type": "minecraft:legacy_single_pool_element",
          "location": "snowy_taiga/mrmedon/animals/s_sheep_2",
          "processors": {"processors": []},
          "projection": "rigid"
        },
        "weight": 100
      }
    ],
    "fallback": "minecraft:snowy_taiga/mrmedon/animals"
  }