{
    "elements": [
      {
        "element": {
          "element_type": "minecraft:legacy_single_pool_element",
          "location": "snowy_taiga/mrmedon/centers/center_1",
          "processors": {"processors": []},
          "projection": "rigid"
        },
        "weight": 100
      },
      {
        "element": {
          "element_type": "minecraft:legacy_single_pool_element",
          "location": "snowy_taiga/mrmedon/centers/center_2",
          "processors": {"processors": []},
          "projection": "rigid"
        },
        "weight": 100
      },
      {
        "element": {
          "element_type": "minecraft:legacy_single_pool_element",
          "location": "snowy_taiga/mrmedon/centers/center_3",
          "processors": {"processors": []},
          "projection": "rigid"
        },
        "weight": 100
      }
    ],
    "fallback": "minecraft:empty"
  }