{
    "elements": [
      {
        "element": {
          "element_type": "minecraft:single_pool_element",
          "location": "snowy_taiga/mrmedon/houses/barrel",
          "processors": {"processors": []},
          "projection": "rigid"
        },
        "weight": 100
      },
      {
        "element": {
          "element_type": "minecraft:single_pool_element",
          "location": "snowy_taiga/mrmedon/houses/blast_furnace",
          "processors": {"processors": []},
          "projection": "rigid"
        },
        "weight": 100
      },
      {
        "element": {
          "element_type": "minecraft:single_pool_element",
          "location": "snowy_taiga/mrmedon/houses/brewing_stand",
          "processors": {"processors": []},
          "projection": "rigid"
        },
        "weight": 100
      },
      {
        "element": {
          "element_type": "minecraft:single_pool_element",
          "location": "snowy_taiga/mrmedon/houses/cartography_table",
          "processors": {"processors": []},
          "projection": "rigid"
        },
        "weight": 100
      },
      {
        "element": {
          "element_type": "minecraft:single_pool_element",
          "location": "snowy_taiga/mrmedon/houses/cauldron",
          "processors": {"processors": []},
          "projection": "rigid"
        },
        "weight": 100
      },
      {
        "element": {
          "element_type": "minecraft:single_pool_element",
          "location": "snowy_taiga/mrmedon/houses/cauldron",
          "processors": {"processors": []},
          "projection": "rigid"
        },
        "weight": 100
      },
      {
        "element": {
          "element_type": "minecraft:single_pool_element",
          "location": "snowy_taiga/mrmedon/houses/composter",
          "processors": {"processors": []},
          "projection": "rigid"
        },
        "weight": 100
      },
      {
        "element": {
          "element_type": "minecraft:single_pool_element",
          "location": "snowy_taiga/mrmedon/houses/fletching_table",
          "processors": {"processors": []},
          "projection": "rigid"
        },
        "weight": 100
      },
      {
        "element": {
          "element_type": "minecraft:single_pool_element",
          "location": "snowy_taiga/mrmedon/houses/grindstone",
          "processors": {"processors": []},
          "projection": "rigid"
        },
        "weight": 100
      },
      {
        "element": {
          "element_type": "minecraft:single_pool_element",
          "location": "snowy_taiga/mrmedon/houses/lectern",
          "processors": {"processors": []},
          "projection": "rigid"
        },
        "weight": 100
      },
      {
        "element": {
          "element_type": "minecraft:single_pool_element",
          "location": "snowy_taiga/mrmedon/houses/loom",
          "processors": {"processors": []},
          "projection": "rigid"
        },
        "weight": 100
      },
      {
        "element": {
          "element_type": "minecraft:single_pool_element",
          "location": "snowy_taiga/mrmedon/houses/none",
          "processors": {"processors": []},
          "projection": "rigid"
        },
        "weight": 100
      },
      {
        "element": {
          "element_type": "minecraft:single_pool_element",
          "location": "snowy_taiga/mrmedon/houses/smithing_table",
          "processors": {"processors": []},
          "projection": "rigid"
        },
        "weight": 100
      },
      {
        "element": {
          "element_type": "minecraft:single_pool_element",
          "location": "snowy_taiga/mrmedon/houses/stonecutter",
          "processors": {"processors": []},
          "projection": "rigid"
        },
        "weight": 100
      }
    ],
    "fallback": "minecraft:empty"
  }