{
    "elements": [
      {
        "element": {
          "element_type": "minecraft:legacy_single_pool_element",
          "location": "snowy_taiga/mrmedon/streets/street_1",
          "processors": "minecraft:snowy_taiga/mrmedon/streets",
          "projection": "terrain_matching"
        },
        "weight": 100
      },
      {
        "element": {
          "element_type": "minecraft:legacy_single_pool_element",
          "location": "snowy_taiga/mrmedon/streets/street_2",
          "processors": "minecraft:snowy_taiga/mrmedon/streets",
          "projection": "terrain_matching"
        },
        "weight": 100
      },
      {
        "element": {
          "element_type": "minecraft:legacy_single_pool_element",
          "location": "snowy_taiga/mrmedon/streets/street_3",
          "processors": "minecraft:snowy_taiga/mrmedon/streets",
          "projection": "terrain_matching"
        },
        "weight": 100
      },
      {
        "element": {
          "element_type": "minecraft:legacy_single_pool_element",
          "location": "snowy_taiga/mrmedon/streets/street_4",
          "processors": "minecraft:snowy_taiga/mrmedon/streets",
          "projection": "terrain_matching"
        },
        "weight": 100
      },
      {
        "element": {
          "element_type": "minecraft:legacy_single_pool_element",
          "location": "snowy_taiga/mrmedon/streets/street_5",
          "processors": "minecraft:snowy_taiga/mrmedon/streets",
          "projection": "terrain_matching"
        },
        "weight": 100
      }
    ],
    "fallback": "minecraft:empty"
  }