{
    "elements": [
      {
        "element": {
          "element_type": "minecraft:legacy_single_pool_element",
          "location": "minecraft:snowy_taiga/mrmedon/villagers/baby",
          "processors": {
            "processors": []
          },
          "projection": "rigid"
        },
        "weight": 50
      },
      {
        "element": {
          "element_type": "minecraft:legacy_single_pool_element",
          "location": "minecraft:snowy_taiga/mrmedon/villagers/unemployed",
          "processors": {
            "processors": []
          },
          "projection": "rigid"
        },
        "weight": 100
      },
      {
        "element": {
          "element_type": "minecraft:legacy_single_pool_element",
          "location": "minecraft:snowy_taiga/mrmedon/villagers/nitwit",
          "processors": {
            "processors": []
          },
          "projection": "rigid"
        },
        "weight": 20
      }
    ],
    "fallback": "minecraft:snowy_taiga/mrmedon/villagers"
  }