{
  "elements": [
    {
      "element": {
        "element_type": "minecraft:legacy_single_pool_element",
        "location": "minecraft:village/birch/town_centers/birch_meeting_point_1",
        "processors": "minecraft:mossify_20_percent",
        "projection": "rigid"
      },
      "weight": 49
    },
    {
      "element": {
        "element_type": "minecraft:legacy_single_pool_element",
        "location": "minecraft:village/birch/town_centers/birch_meeting_point_2",
        "processors": "minecraft:mossify_20_percent",
        "projection": "rigid"
      },
      "weight": 49
    },
    {
      "element": {
        "element_type": "minecraft:legacy_single_pool_element",
        "location": "minecraft:village/birch/zombie/town_centers/birch_meeting_point_1",
        "processors": "minecraft:zombie_birch",
        "projection": "rigid"
      },
      "weight": 1
    },
    {
      "element": {
        "element_type": "minecraft:legacy_single_pool_element",
        "location": "minecraft:village/birch/zombie/town_centers/birch_meeting_point_2",
        "processors": "minecraft:zombie_birch",
        "projection": "rigid"
      },
      "weight": 1
    }
  ],
  "fallback": "minecraft:empty"
}