{
  "processors": [
    {
      "processor_type": "minecraft:rule",
      "rules": [
        {
          "location_predicate": {
            "predicate_type": "minecraft:always_true"
          },
          "input_predicate": {
            "predicate_type": "minecraft:random_block_match",
            "block": "minecraft:green_terracotta",
            "probability": 0.2
          },
          "output_state": {
            "Name": "minecraft:lime_terracotta"
          }
        },
        {
          "location_predicate": {
            "predicate_type": "minecraft:always_true"
          },
          "input_predicate": {
            "predicate_type": "minecraft:random_block_match",
            "block": "minecraft:green_terracotta",
            "probability": 0.2
          },
          "output_state": {
            "Name": "minecraft:green_wool"
          }
        },
        {
          "location_predicate": {
            "predicate_type": "minecraft:always_true"
          },
          "input_predicate": {
            "predicate_type": "minecraft:random_block_match",
            "block": "minecraft:green_terracotta",
            "probability": 0.2
          },
          "output_state": {
            "Name": "minecraft:green_concrete_powder"
          }
        },
        {
          "location_predicate": {
            "predicate_type": "minecraft:always_true"
          },
          "input_predicate": {
            "predicate_type": "minecraft:random_block_match",
            "block": "minecraft:green_terracotta",
            "probability": 0.2
          },
          "output_state": {
            "Name": "minecraft:moss_block"
          }
        }
      ]
    }
  ]
}
