{
  "display": {
    "icon": {
      "id": "minecraft:stripped_cherry_log",
      "count": 1
    },
    "title": {
      "text": "Tower of Petals"
    },
    "description": {
      "text": "Find the Cherry Tower"
    },
    "frame": "goal",
    "show_toast": true,
    "announce_to_chat": true,
    "hidden": false
  },
  "parent": "luistercorp:adventure/cherry_monastery",
  "criteria": {
    "barco_prismarina": {
      "trigger": "minecraft:location",
      "conditions": {
        "player": [
          {
            "condition": "minecraft:entity_properties",
            "entity": "this",
            "predicate": {
              "location": {
                "structures": "luistercorp:cherry_tower"
              }
            }
          }
        ]
      }
    }
  },
  "sends_telemetry_event": true
}