{
  "display": {
    "icon": {
      "id": "minecraft:cherry_planks",
      "count": 1
    },
    "title": {
      "text": "Pillagers in the Cherry Trees"
    },
    "description": {
      "text": "Find the Cherry Tree House"
    },
    "frame": "goal",
    "show_toast": true,
    "announce_to_chat": true,
    "hidden": false
  },
  "parent": "luistercorp:adventure/cherry_tower",
  "criteria": {
    "barco_prismarina": {
      "trigger": "minecraft:location",
      "conditions": {
        "player": [
          {
            "condition": "minecraft:entity_properties",
            "entity": "this",
            "predicate": {
              "location": {
                "structures": "luistercorp:cherry_tree_house"
              }
            }
          }
        ]
      }
    }
  },
  "sends_telemetry_event": true
}