{
  "name": "qrafty:jungle_treevillage/jungle_treevillage",
  "fallback": "minecraft:empty",
  "elements": [
    {
      "weight": 10,
      "element": {
        "element_type": "minecraft:single_pool_element",
        "location": "qrafty:jungle_treevillage/room/room_1",
        "projection": "rigid",
        "processors": "minecraft:empty"
      }
    },
    {
      "weight": 10,
      "element": {
        "element_type": "minecraft:single_pool_element",
        "location": "qrafty:jungle_treevillage/room/room_2",
        "projection": "rigid",
        "processors": "minecraft:empty"
      }
    },
    {
      "weight": 10,
      "element": {
        "element_type": "minecraft:single_pool_element",
        "location": "qrafty:jungle_treevillage/room/room_3",
        "projection": "rigid",
        "processors": "minecraft:empty"
      }
    },
    {
      "weight": 10,
      "element": {
        "element_type": "minecraft:single_pool_element",
        "location": "qrafty:jungle_treevillage/room/room_4",
        "projection": "rigid",
        "processors": "minecraft:empty"
      }
    },
    {
      "weight": 10,
      "element": {
        "element_type": "minecraft:single_pool_element",
        "location": "qrafty:jungle_treevillage/room/room_5",
        "projection": "rigid",
        "processors": "minecraft:empty"
      }
    },
    {
      "weight": 10,
      "element": {
        "element_type": "minecraft:single_pool_element",
        "location": "qrafty:jungle_treevillage/gang/gang_1",
        "projection": "terrain_matching",
        "processors": "minecraft:empty"
      }
    },
    {
      "weight": 10,
      "element": {
        "element_type": "minecraft:single_pool_element",
        "location": "qrafty:jungle_treevillage/gang/gang_2",
        "projection": "terrain_matching",
        "processors": "minecraft:empty"
      }
    },
    {
      "weight": 10,
      "element": {
        "element_type": "minecraft:single_pool_element",
        "location": "qrafty:jungle_treevillage/gang/gang_3",
        "projection": "rigid",
        "processors": "minecraft:empty"
      }
    },
    {
      "weight": 10,
      "element": {
        "element_type": "minecraft:single_pool_element",
        "location": "qrafty:jungle_treevillage/gang/gang_4",
        "projection": "terrain_matching",
        "processors": "minecraft:empty"
      }
    },
    {
      "weight": 10,
      "element": {
        "element_type": "minecraft:single_pool_element",
        "location": "qrafty:jungle_treevillage/gang/gang_5",
        "projection": "rigid",
        "processors": "minecraft:empty"
      }
    },
    
    {
      "weight": 5,
      "element": {
        "element_type": "minecraft:single_pool_element",
        "location": "qrafty:jungle_treevillage/small_room/small_room_1",
        "projection": "rigid",
        "processors": "minecraft:empty"
      }
    },
    {
      "weight": 5,
      "element": {
        "element_type": "minecraft:single_pool_element",
        "location": "qrafty:jungle_treevillage/small_room/small_room_2",
        "projection": "rigid",
        "processors": "minecraft:empty"
      }
    },
    {
      "weight": 5,
      "element": {
        "element_type": "minecraft:single_pool_element",
        "location": "qrafty:jungle_treevillage/small_room/small_room_3",
        "projection": "rigid",
        "processors": "minecraft:empty"
      }
    },
    {
      "weight": 5,
      "element": {
        "element_type": "minecraft:single_pool_element",
        "location": "qrafty:jungle_treevillage/small_room/small_room_4",
        "projection": "rigid",
        "processors": "minecraft:empty"
      }
    },
    {
      "weight": 5,
      "element": {
        "element_type": "minecraft:single_pool_element",
        "location": "qrafty:jungle_treevillage/small_room/small_room_5",
        "projection": "rigid",
        "processors": "minecraft:empty"
      }
    }
  ]
}