{
  "elements": [
    {
      "element": {
        "element_type": "minecraft:legacy_single_pool_element",
        "location": "minecraft:desert/midori__/centers/center_1.1",
        "processors": {
          "processors": []
        },
        "projection": "rigid"
      },
      "weight": 9
    },
    {
      "element": {
        "element_type": "minecraft:legacy_single_pool_element",
        "location": "minecraft:desert/midori__/centers/center_2.1",
        "processors": {
          "processors": []
        },
        "projection": "rigid"
      },
      "weight": 9
    },
    {
      "element": {
        "element_type": "minecraft:legacy_single_pool_element",
        "location": "minecraft:desert/midori__/centers/center_r_3.1",
        "processors": {
          "processors": []
        },
        "projection": "rigid"
      },
      "weight": 1
    },
    {
      "element": {
        "element_type": "minecraft:legacy_single_pool_element",
        "location": "minecraft:desert/midori__/centers/center_r_4.1",
        "processors": {
          "processors": []
        },
        "projection": "rigid"
      },
      "weight": 1
    }
  ],
  "fallback": "minecraft:desert/midori__/terminators"
}