{
  "elements": [
    {
      "element": {
        "element_type": "minecraft:legacy_single_pool_element",
        "location": "minecraft:desert/midori__/streets/street_g_1.1",
        "processors": "desert/street_replace_desert",
        "projection": "terrain_matching"
      },
      "weight": 4
    },
    {
      "element": {
        "element_type": "minecraft:legacy_single_pool_element",
        "location": "minecraft:desert/midori__/streets/street_plus_medium_1.2",
        "processors": "desert/street_replace_desert",
        "projection": "terrain_matching"
      },
      "weight": 8
    },
    {
      "element": {
        "element_type": "minecraft:legacy_single_pool_element",
        "location": "minecraft:desert/midori__/streets/street_end_houses_medium_1.2",
        "processors": "desert/street_replace_desert",
        "projection": "terrain_matching"
      },
      "weight": 7
    },
    {
      "element": {
        "element_type": "minecraft:legacy_single_pool_element",
        "location": "minecraft:desert/midori__/streets/street_line_medium_1.2",
        "processors": "desert/street_replace_desert",
        "projection": "terrain_matching"
      },
      "weight": 8
    },
    {
      "element": {
        "element_type": "minecraft:legacy_single_pool_element",
        "location": "minecraft:desert/midori__/streets/street_line_medium_2.2",
        "processors": "desert/street_replace_desert",
        "projection": "terrain_matching"
      },
      "weight": 7
    },
    {
      "element": {
        "element_type": "minecraft:legacy_single_pool_element",
        "location": "minecraft:desert/midori__/streets/street_t_medium_1.2",
        "processors": "desert/street_replace_desert",
        "projection": "terrain_matching"
      },
      "weight": 4
    },
    {
      "element": {
        "element_type": "minecraft:legacy_single_pool_element",
        "location": "minecraft:desert/midori__/streets/street_t_medium_2.2",
        "processors": "desert/street_replace_desert",
        "projection": "terrain_matching"
      },
      "weight": 5
    }
  ],
  "fallback": "minecraft:desert/midori__/terminators"
}