{
  "elements": [
    {
      "element": {
        "element_type": "minecraft:legacy_single_pool_element",
        "location": "minecraft:desert/midori__/terminators/terminator_1",
        "processors": {
          "processors": []
        },
        "projection": "terrain_matching"
      },
      "weight": 1
    },
    {
      "element": {
        "element_type": "minecraft:legacy_single_pool_element",
        "location": "minecraft:desert/midori__/terminators/terminator_2",
        "processors": {
          "processors": []
        },
        "projection": "terrain_matching"
      },
      "weight": 1
    }
  ],
  "fallback": "minecraft:desert/midori__/terminators"
}