{
    "elements": [
      {
        "element": {
          "element_type": "minecraft:legacy_single_pool_element",
          "location": "swamp/felixcolour/streets/street_1",
          "processors": "swamp/felixcolour/streets",
          "projection": "rigid"
        },
        "weight": 100
      },
      {
        "element": {
          "element_type": "minecraft:legacy_single_pool_element",
          "location": "swamp/felixcolour/streets/street_2",
          "processors": "swamp/felixcolour/streets",
          "projection": "rigid"
        },
        "weight": 100
      },
      {
        "element": {
          "element_type": "minecraft:legacy_single_pool_element",
          "location": "swamp/felixcolour/streets/street_3",
          "processors": "swamp/felixcolour/streets",
          "projection": "rigid"
        },
        "weight": 100
      },
      {
        "element": {
          "element_type": "minecraft:legacy_single_pool_element",
          "location": "swamp/felixcolour/streets/street_4",
          "processors": "swamp/felixcolour/streets",
          "projection": "rigid"
        },
        "weight": 100
      }
    ],
    "fallback": "minecraft:swamp/felixcolour/terminators"
  }