{
    "elements": [
      {
        "element": {
          "element_type": "minecraft:legacy_single_pool_element",
          "location": "swamp/felixcolour/villagers/baby",
          "processors": {"processors": []},
          "projection": "rigid"
        },
        "weight": 50
      },
      {
        "element": {
          "element_type": "minecraft:legacy_single_pool_element",
          "location": "swamp/felixcolour/villagers/nitwit",
          "processors": {"processors": []},
          "projection": "rigid"
        },
        "weight": 10
      },
      {
        "element": {
          "element_type": "minecraft:legacy_single_pool_element",
          "location": "swamp/felixcolour/villagers/unemployed",
          "processors": {"processors": []},
          "projection": "rigid"
        },
        "weight": 100
      }
    ],
    "fallback": "minecraft:swamp/felixcolour/villagers"
  }