{
  "processors": [
    {
      "processor_type": "minecraft:rule",
      "rules": [
        {
          "location_predicate": {
            "predicate_type": "minecraft:always_true"
          },
          "input_predicate": {
            "predicate_type": "minecraft:random_blockstate_match",
            "block_state": {
              "Name": "minecraft:cobblestone_slab",
              "Properties": {
                "type": "top",
                "waterlogged": "false"
              }
            },
            "probability": 0.33
          },
          "output_state": {
            "Name": "minecraft:mossy_stone_brick_slab",
            "Properties": {
              "type": "top",
              "waterlogged": "false"
            }
          }
        },
        {
          "location_predicate": {
            "predicate_type": "minecraft:always_true"
          },
          "input_predicate": {
            "predicate_type": "minecraft:random_blockstate_match",
            "block_state": {
              "Name": "minecraft:cobblestone_slab",
              "Properties": {
                "type": "top",
                "waterlogged": "false"
              }
            },
            "probability": 0.33
          },
          "output_state": {
            "Name": "minecraft:mossy_cobblestone_slab",
            "Properties": {
              "type": "top",
              "waterlogged": "false"
            }
          }
        }
      ]
    },
    {
      "processor_type": "minecraft:rule",
      "rules": [
        {
          "location_predicate": {
            "predicate_type": "minecraft:always_true"
          },
          "input_predicate": {
            "predicate_type": "minecraft:random_blockstate_match",
            "block_state": {
              "Name": "minecraft:cobblestone_slab",
              "Properties": {
                "type": "bottom",
                "waterlogged": "false"
              }
            },
            "probability": 0.33
          },
          "output_state": {
            "Name": "minecraft:mossy_stone_brick_slab",
            "Properties": {
              "type": "bottom",
              "waterlogged": "false"
            }
          }
        },
        {
          "location_predicate": {
            "predicate_type": "minecraft:always_true"
          },
          "input_predicate": {
            "predicate_type": "minecraft:random_blockstate_match",
            "block_state": {
              "Name": "minecraft:cobblestone_slab",
              "Properties": {
                "type": "bottom",
                "waterlogged": "false"
              }
            },
            "probability": 0.33
          },
          "output_state": {
            "Name": "minecraft:mossy_cobblestone_slab",
            "Properties": {
              "type": "bottom",
              "waterlogged": "false"
            }
          }
        }
      ]
    },
    {
      "processor_type": "minecraft:rule",
      "rules": [
        {
          "location_predicate": {
            "predicate_type": "minecraft:always_true"
          },
          "input_predicate": {
            "predicate_type": "minecraft:blockstate_match",
            "block_state": {
              "Name": "minecraft:spruce_trapdoor",
              "Properties": {
                "waterlogged": "false"
              }
            }
          },
          "output_state": {
            "Name": "minecraft:spruce_trapdoor",
            "Properties": {
              "waterlogged": "false"
            }
          }
        },
        {
          "location_predicate": {
            "predicate_type": "minecraft:always_true"
          },
          "input_predicate": {
            "predicate_type": "minecraft:blockstate_match",
            "block_state": {
              "Name": "minecraft:spruce_stairs",
              "Properties": {
                "waterlogged": "false"
              }
            }
          },
          "output_state": {
            "Name": "minecraft:spruce_stairs",
            "Properties": {
              "waterlogged": "false"
            }
          }
        },
        {
          "location_predicate": {
            "predicate_type": "minecraft:always_true"
          },
          "input_predicate": {
            "predicate_type": "minecraft:blockstate_match",
            "block_state": {
              "Name": "minecraft:spruce_sign",
              "Properties": {
                "waterlogged": "false"
              }
            }
          },
          "output_state": {
            "Name": "minecraft:spruce_sign",
            "Properties": {
              "waterlogged": "false"
            }
          }
        }
      ]
    }
  ]
}