{
    "elements": [
      {
        "element": {
          "element_type": "minecraft:legacy_single_pool_element",
          "location": "minecraft:mushroom_fields/tsuhioshi/centers/center_up_1",
          "processors": "mushroom_fields/tsuhioshi/streets",
          "projection": "rigid"
        },
        "weight": 100
      },
      {
        "element": {
          "element_type": "minecraft:legacy_single_pool_element",
          "location": "minecraft:mushroom_fields/tsuhioshi/centers/center_2",
          "processors": "mushroom_fields/tsuhioshi/streets",
          "projection": "rigid"
        },
        "weight": 100
      },
      {
        "element": {
          "element_type": "minecraft:legacy_single_pool_element",
          "location": "minecraft:mushroom_fields/tsuhioshi/centers/center_3",
          "processors": "mushroom_fields/tsuhioshi/streets",
          "projection": "rigid"
        },
        "weight": 100
      }
    ],
    "fallback": "minecraft:empty"
  }