{
  "type": "minecraft:jigsaw",
  "biomes": ["minecraft:cherry_grove"],
  "step": "surface_structures",
  "spawn_overrides": {
    "monster": {
      "bounding_box": "full",
      "spawns": [
        {
          "type": "minecraft:pillager",
          "weight": 100,
          "minCount": 3,
          "maxCount": 5
        },
        {
          "type": "minecraft:vindicator",
          "weight": 50,
          "minCount": 1,
          "maxCount": 2
        }
      ]
    },
    "creature": {
      "bounding_box": "full",
      "spawns": [
        {
          "type": "minecraft:wolf",
          "weight": 70,
          "minCount": 2,
          "maxCount": 3
        },
        {
          "type": "minecraft:horse",
          "weight": 70,
          "minCount": 1,
          "maxCount": 2
        }
      ]
    }
  },
  "terrain_adaptation": "beard_box",
  "start_pool": "luistercorp:cherry_fountain",
  "size": 1,
  "start_height": {
      "absolute": 0
  },
  "liquid_settings": "ignore_waterlogging",
  "project_start_to_heightmap": "WORLD_SURFACE_WG",
  "max_distance_from_center": 20,
  "use_expansion_hack": false
}