{
    "name": "luistercorp:tree_enemies",
    "fallback": "minecraft:empty",
    "elements": [
      {
        "weight": 1,
        "element": {
          "element_type": "minecraft:single_pool_element",
          "projection": "rigid",
          "location": "luistercorp:enemies_tree_pillager",
        "processors": "minecraft:empty"
        }
      },
      {
        "weight": 1,
        "element": {
          "element_type": "minecraft:single_pool_element",
          "projection": "rigid",
          "location": "luistercorp:enemies_tree_vindicator",
        "processors": "minecraft:empty"
        }
      }
    ]
  }
  
