
{
  "processors": [
    {
      "processor_type": "minecraft:rule",
      "rules": [
        {
          "location_predicate": {
            "predicate_type": "minecraft:block_match",
            "block": "water"
          },
          "input_predicate": {
            "predicate_type": "minecraft:tag_match",
            "tag": "minecraft:desert/street",
            "probability": 0.4
          },
          "output_state": {
            "Name": "minecraft:oak_slab",
            "Properties": {
              "type":"top"
            }
          }
        }
      ]
    }
  ]
}